id,nome,telefone
1,Ronny Ricold,59 90662-2871
2,Moshe Upsale,24 92207-7063
3,Ilka Tomblett,75 93271 6557
4,Cris Ackred,57 96613 7903
5,Rudyard Mattusov,18 98143 4190
6,Mahala Seear,41 94404-2860
7,Veronica Letchford,89 95696 3459
8,Tome Linnell,25 97607 8572
9,Charil Pickavance,72 94861 4568
10,Clemens Tetsall,99 98375 1897
11,Janeczka Bowich,33 99712-4606
12,Vivianna Jansky,75 99129-5051
13,Nikolai Glasspoole,17 90540 3771
14,Mei Haswell,69 92913 1446
15,Rusty Course,47 91377-5758
16,Bren Sonner,75 94860-2039
17,Manny Tetsall,25 98015-7910
18,Ami Lelievre,17 92366-0081
19,Mata Wildman,32 91712-5379
20,Margarette Davana,59 97955-1123
21,Kendra Dutson,97 90946-6615
22,Marin Orys,13 99617 8240
23,Gerrie Game,18 93057-5248
24,Trefor Ossipenko,49 97897 2476
25,Nanny Sheffield,32 96536-7324
26,Meridel Du Fray,27 95733 4432
27,Ody Curee,65 90347-0985
28,Tobye Janjic,53 91826-6504
29,Sammy Burgyn,31 96774 1452
30,Gay Baunton,18 92973 7453
31,Blaine Ferrino,39 93016-3150
32,Eleni Blewmen,51 96747 2656
33,Rosella Stirley,26 94040-2760
34,Devin Axston,26 95093-9794
35,Ban Slot,45 91699 8923
36,Barris Newnham,85 99165-5729
37,Zeke Scaice,65 90805 3964
38,Hugh Filip,16 94991-6051
39,Roldan Venour,24 99200-7512
40,Berna Caves,41 97200 7740
41,Nicko Pardie,51 90544 5528
42,Heather Batt,15 97378-4638
43,Marguerite Sowle,71 91381-8143
44,Davis Crank,57 93071 3318
45,Clarissa Standingford,46 92157 6723
46,Jeanine Correa,59 90670-7960
47,Dasie Boulding,76 95646-4128
48,Nolan Mateos,53 91002-4732
49,Dominica Millett,92 93309-1238
50,Alard Oldridge,68 98913-5286
51,Dacy Flacknoe,86 93870 4589
52,Simona MacGillicuddy,14 92390 8361
53,Thornton Whistance,95 93229-0346
54,Katie Stagg,95 96411-0293
55,Dehlia Friedenbach,79 99104 4147
56,Miner Middlemiss,29 96428-0237
57,Augustin Sainsbury-Brown,64 95620 0804
58,Panchito Palfery,45 96425 6053
59,Zedekiah Bellham,84 96819-8101
60,Alic Maslen,18 96234 0003
61,Melony Blenkinsop,92 93471 6174
62,Ninette Purslow,48 99836 3054
63,Ronda Oxx,61 98677-0221
64,Mellisa Inglese,84 92515 9133
65,Brianne Worsfold,55 95341 6537
66,Portie Hassard,43 99846-6236
67,Josee Hogbourne,29 91575 6530
68,Sylvan Ciciotti,67 98620-1060
69,Rozella Klauer,11 90367-4808
70,Myrwyn MacRory,49 94963 2888
71,Kent Winspur,89 91711 5716
72,Vivianna Beetles,65 93664-0442
73,Kacy Skipsea,81 94495 8132
74,Flossi Cleeton,68 94140 1521
75,Donalt Broadis,17 99522-9416
76,Karisa Cassar,94 93382 6108
77,Candida Jacquemy,31 99326 5819
78,John Cowdery,17 91651 2110
79,Sheffy Welfair,28 99293 4412
80,Care Darker,38 96923-6305
81,Ode Attrie,75 94092-5413
82,Marline Redan,41 93186 2122
83,Alyce Balmann,24 91971-5633
84,Justine Stroyan,61 93313 2059
85,Gaven Somerbell,26 97592 5458
86,Reinhold Gudgen,51 95012-6438
87,Nettle Levicount,86 97287 8753
88,Jan Rayhill,41 97758-9631
89,Lilyan Dargavel,37 96589-3207
90,Erwin Joffe,73 98497 3980
91,Romeo Zecchii,68 93818 6649
92,Rabbi Smalecombe,68 93591 5374
93,Bryan Torrent,89 98999 5038
94,Kippar Kelinge,99 96296 5527
95,Nils Temperton,53 99050 5823
96,Kym Sandercroft,47 91622 8557
97,Saunders Sommerling,24 92776 3196
98,Paul Bayston,46 99559-4569
99,Frederich Cheetam,48 96933 3016
100,Shanon Gosforth,88 92092-0503
101,Kim Sattin,34 95196-4250
102,Bernita Cirlos,64 99281-9143
103,Artus Dolligon,95 98763-1983
104,Boyd Pinchin,17 95622 2657
105,Lacee Troake,55 91825-1620
106,Denny Dunkley,22 93915 8958
107,Timmi Knowlys,63 91682-5985
108,Jeniece Winterson,36 95929 9245
109,Roberto Senescall,21 97949 4881
110,Agretha Scading,18 99902 8350
111,Hartwell Herrieven,67 92650 8752
112,Susannah Dunham,77 93051 5478
113,Astra Normanvill,58 93016-0699
114,Quillan Keatley,79 94773-6578
115,Roseline Macourek,54 97449 9500
116,Terra Blundan,39 90943-9517
117,Randall Sacher,35 96843-9417
118,Eugine Opie,64 96952-5791
119,Beltran Timbs,72 96414 8485
120,Hyacinthie Inchan,78 95926-3980
121,Sarita Grannell,85 91508 7307
122,Karol Barry,67 95289 6093
123,Heda Bromehead,86 94406 9210
124,Lana Browne,33 93295 9026
125,Andree Rizon,14 91800-4991
126,Marcellina Izaac,28 93136-8581
127,Merrile Tax,76 90055 4733
128,Sutton Roll,15 91491-2306
129,Gilda Rouge,39 94639 9876
130,Kerr Grieg,71 94996 0584
131,Norrie Doncom,47 94718 9672
132,Diannne Gold,96 91196-3051
133,Kelsey Goad,41 94399 8213
134,Natalee Castagnaro,19 91190-2746
135,Thornton Sulter,36 95133-7285
136,Lanny Brenneke,82 94002-3085
137,Smith Rother,52 98633-8932
138,Eugenio Grunguer,42 94911 0130
139,Lenore Astles,56 94514 3414
140,Arni Greathead,51 99159-2844
141,Brockie Stainton - Skinn,49 91667-0345
142,Jessey Himsworth,83 98320-6298
143,Friederike Tavner,14 91809-1086
144,Terra Raffon,39 99523-1166
145,Gilemette Keller,83 99767-0452
146,Delcina Van der Veldt,68 97756-4626
147,Ryun Boyne,16 91510 0827
148,Tomasine Malkin,98 90715-2645
149,Gertrud McLeoid,57 96661 1317
150,Celestyn Porcas,26 91173-6565
151,Averil Nussii,78 91623-9625
152,Lucais Herley,94 98380-5356
153,Isa Lainge,52 96177 4490
154,Alfi Pickover,97 95681 5307
155,Kaylyn Beedie,45 93482 7333
156,Camilla Ausello,48 94320-2844
157,Veronique McCusker,65 93600-7256
158,Eduard Ekins,73 95952 3126
159,Perl Doerren,86 96341 5291
160,Reese Dunsire,47 99661-1430
161,Rudolfo Paolino,15 99967 1733
162,Brietta Lines,42 94638 0194
163,Vidovic Jancy,81 95588-0300
164,Vinny Oman,98 90007-1068
165,Holt Glanz,26 96945 2681
166,Dorelia Gullam,66 98363 4435
167,Mathian Boorn,58 99655 4623
168,Julianne McReynold,52 97377-8165
169,Cherlyn Moscone,94 94700-0106
170,Tybalt Kopfer,14 91514 7305
171,Merrick Ullyott,52 97780 8454
172,Nerita Harlow,48 92493-6784
173,Saunders Audrey,72 96291-8239
174,Layne Caton,11 93820 0635
175,Maury Livings,18 91672-6184
176,Sherwin Crayk,44 97625 4099
177,Korey Chimes,33 98596-9823
178,Nancey Heintzsch,77 95490 0046
179,Lorita Colbeck,82 98614-6700
180,Eli Mattevi,47 95060 4370
181,Clayson Harryman,49 90738 0204
182,Tuckie Ianinotti,67 97658 0620
183,Ahmad Pellew,11 93307-2140
184,Grenville Tothacot,93 90925 9522
185,Ginger Carpmile,72 98851 7618
186,Talbot Blackham,76 98006-3192
187,Mycah Patrono,49 99441 8096
188,Edyth Haysey,28 94851-6861
189,Hali Sandy,66 96547 5684
190,Oran Whyman,46 94119 2946
191,Thekla Gwyllt,17 91135-1535
192,Mel Tagg,91 90101 9738
193,Yvonne Yeandel,29 92140-1002
194,Cristie Simons,47 96413 4678
195,Averil Brockway,33 90908-0375
196,Townie Storrs,21 92159-8387
197,Pepe Bordman,69 95656 3662
198,Caro Lafond,27 94959-1204
199,Teador Cometto,93 98806-5858
200,Philip D'Enrico,31 99839-3313
201,Thadeus Mowday,45 91264 8551
202,Jenny Schoenrock,45 93502 9167
203,Christabella Byass,55 93047-7069
204,Tessi Whatson,18 95394 5677
205,Mattheus Hilliam,38 92065 7081
206,Daria Rayer,33 91687 7401
207,Roderigo Marling,82 96752-1990
208,Gerianna Skeldon,11 99919 5892
209,Tedie Say,81 97181 7947
210,Birdie Abade,24 96947-0515
211,Iago Elsmor,51 94387-8558
212,Robin Duffan,99 99624-7951
213,Reyna Clissold,34 95663-8062
214,Eimile Sollom,83 96983 6573
215,Augustus Menhenitt,13 96092 7267
216,Brigg MacVaugh,98 96866-7919
217,Issy Beswetherick,89 94830 4216
218,Ellie Oxborough,72 91498 7265
219,Lisabeth Olivas,17 98773 1733
220,Man Molfino,95 92683-4080
221,Sharai Baudino,81 92868-5191
222,Brigham Skottle,21 98225-2281
223,Cassey Ducroe,57 93578-5896
224,Sigismundo McCome,69 90969 1920
225,Hill Longfut,44 95645 8940
226,Daveen Larsen,79 92895-9595
227,Norri Hymas,13 93958 5259
228,Henrieta Gerrey,85 99726 0644
229,Adara Goslin,94 91251-5643
230,Isis Mavin,59 91786-6482
231,Jackson Burch,66 96228-5834
232,Leonore Klimpt,49 94578-8191
233,Mechelle Garric,72 91547-7982
234,Pen Casaccio,83 98616 8298
235,Jerry Gonin,97 91856-0292
236,Cristal Beevor,98 93111-0400
237,Anabelle Pulster,47 92603-2766
238,Gipsy Crake,96 90682-4354
239,Catarina Overlow,83 98387 3638
240,Johnette Lanktree,52 95455-4341
241,Cristabel Ruxton,83 93928 7862
242,Pierre D'eath,99 95329-3743
243,Filbert Riply,27 93498-5351
244,Arne Rowthorn,49 97780-6663
245,Alfi Rollins,86 93701 0893
246,Josephine Reneke,83 99210-0415
247,Fedora Ferrarone,71 91322 3719
248,Daveen Schonfeld,55 96164 3093
249,Steffie Gellibrand,58 92084-2059
250,Gisela Warlton,14 94230-6302